id,name,kind,category,country,language,focus,tier,website,youtube,x,github,status,verified_at,verification_url,description
three-blue-one-brown,3Blue1Brown,youtube-channel,Visual education,United States,English,ml-theory;education,A,https://www.3blue1brown.com/,https://www.youtube.com/@3blue1brown,https://x.com/3blue1brown,https://github.com/3b1b,active,2026-10-04,https://www.3blue1brown.com/,Visual mathematics channel with influential neural network explainers.
two-minute-papers,Two Minute Papers,youtube-channel,Research explainers,Austria,English,computer-vision;generative-ai;ai-for-science,A,https://www.youtube.com/@TwoMinutePapers,https://www.youtube.com/@TwoMinutePapers,https://x.com/karoly_zsolnai,,active,2026-10-04,https://www.youtube.com/@TwoMinutePapers,Accessible video summaries of new graphics and AI research.
andrej-karpathy-youtube,Andrej Karpathy,youtube-channel,Technical education,United States,English,deep-learning;foundation-models;education,A,https://karpathy.ai/,https://www.youtube.com/@AndrejKarpathy,https://x.com/karpathy,https://github.com/karpathy,active,2026-10-04,https://www.youtube.com/@AndrejKarpathy,Long-form technical lectures on neural networks and language models.
deep-learning-ai,DeepLearning.AI,educational-platform,Technical education,United States,English,deep-learning;foundation-models;education,A,https://www.deeplearning.ai/,https://www.youtube.com/@Deeplearningai,https://x.com/DeepLearningAI,https://github.com/https-deeplearning-ai,active,2026-10-04,https://www.deeplearning.ai/,Courses news and interviews founded by Andrew Ng.
statquest,StatQuest,youtube-channel,Technical education,United States,English,ml-theory;statistics;deep-learning,A,https://statquest.org/,https://www.youtube.com/@statquest,https://x.com/josh_starmer,,active,2026-10-04,https://statquest.org/,Clear explanations of statistics machine learning and neural networks.
yannic-kilcher,Yannic Kilcher,youtube-channel,Research explainers,Switzerland,English,foundation-models;deep-learning;research-papers,A,https://www.youtube.com/@YannicKilcher,https://www.youtube.com/@YannicKilcher,https://x.com/ykilcher,,active,2026-10-04,https://www.youtube.com/@YannicKilcher,Technical paper reviews and commentary on machine learning research.
ml-street-talk,Machine Learning Street Talk,podcast,Research interviews,United Kingdom,English,ml-theory;foundation-models;ai-safety,A,https://www.mlst.ai/,https://www.youtube.com/@MachineLearningStreetTalk,https://x.com/MLStreetTalk,,active,2026-10-04,https://www.mlst.ai/,Long-form technical conversations with machine learning researchers.
ai-explained,AI Explained,youtube-channel,News and analysis,United Kingdom,English,foundation-models;ai-agents;ai-safety,B,https://www.youtube.com/@aiexplained-official,https://www.youtube.com/@aiexplained-official,https://x.com/AIExplainedYT,,active,2026-10-04,https://www.youtube.com/@aiexplained-official,Research-informed analysis of frontier model releases and trends.
umar-jamil,Umar Jamil,youtube-channel,Technical education,United Kingdom,English,deep-learning;foundation-models;generative-ai,B,https://www.youtube.com/@umarjamilai,https://www.youtube.com/@umarjamilai,https://x.com/hkproj,https://github.com/hkproj,active,2026-10-04,https://www.youtube.com/@umarjamilai,Code-level explanations and implementations of modern AI architectures.
sebastian-raschka,Sebastian Raschka,youtube-channel,Technical education,United States,English,deep-learning;foundation-models;education,A,https://sebastianraschka.com/,https://www.youtube.com/@SebastianRaschka,https://x.com/rasbt,https://github.com/rasbt,active,2026-10-04,https://sebastianraschka.com/,Technical lectures and writing on machine learning and language models.
aladdin-persson,Aladdin Persson,youtube-channel,Technical education,Sweden,English,computer-vision;deep-learning;generative-ai,B,https://www.youtube.com/@AladdinPersson,https://www.youtube.com/@AladdinPersson,https://x.com/aladdinpersson,https://github.com/aladdinpersson,active,2026-10-04,https://www.youtube.com/@AladdinPersson,Implementation-focused tutorials on deep learning and computer vision.
sentdex,Sentdex,youtube-channel,Technical education,United States,English,coding;deep-learning;reinforcement-learning,B,https://pythonprogramming.net/,https://www.youtube.com/@sentdex,https://x.com/sentdex,https://github.com/Sentdex,active,2026-10-04,https://pythonprogramming.net/,Practical Python machine learning and programming tutorials.
fast-ai,fast.ai,educational-platform,Technical education,United States,English,deep-learning;education;open-source,A,https://www.fast.ai/,https://www.youtube.com/@howardjeremyp,https://x.com/fastdotai,https://github.com/fastai,active,2026-10-04,https://www.fast.ai/,Free practical deep learning courses and open-source libraries.
full-stack-deep-learning,Full Stack Deep Learning,educational-platform,Technical education,United States,English,ml-systems;deep-learning;foundation-models,A,https://fullstackdeeplearning.com/,https://www.youtube.com/@FullStackDeepLearning,https://x.com/fullstackdeepl,https://github.com/full-stack-deep-learning,active,2026-10-04,https://fullstackdeeplearning.com/,Courses on building and operating end-to-end AI products.
stanford-online-ai,Stanford Online AI,youtube-channel,University lectures,United States,English,deep-learning;nlp;computer-vision;reinforcement-learning,A,https://online.stanford.edu/,https://www.youtube.com/@stanfordonline,https://x.com/StanfordOnline,,active,2026-10-04,https://www.youtube.com/@stanfordonline,Official Stanford lectures and course recordings including major AI classes.
mit-opencourseware,MIT OpenCourseWare,youtube-channel,University lectures,United States,English,ml-theory;robotics;computer-vision;education,A,https://ocw.mit.edu/,https://www.youtube.com/@mitocw,https://x.com/MITOCW,https://github.com/mitocw,active,2026-10-04,https://ocw.mit.edu/,Open MIT course materials including AI machine learning and robotics.
tuebingen-ml,Machine Learning at Tübingen,youtube-channel,University lectures,Germany,English,ml-theory;probabilistic-ml;deep-learning,A,https://www.youtube.com/channel/UCupmCsCA5CFXmm31PkUhEbA,https://www.youtube.com/channel/UCupmCsCA5CFXmm31PkUhEbA,https://x.com/TuebingenML,,active,2026-10-04,https://www.youtube.com/channel/UCupmCsCA5CFXmm31PkUhEbA,Advanced research talks and complete machine learning lecture series.
caltech-ml,Caltech Machine Learning,youtube-channel,University lectures,United States,English,ml-theory;education,A,https://work.caltech.edu/telecourse.html,https://www.youtube.com/@caltech,https://x.com/Caltech,,active,2026-10-04,https://work.caltech.edu/telecourse.html,Academic machine learning lectures including Learning from Data.
lex-fridman,Lex Fridman Podcast,podcast,Research interviews,United States,English,artificial-intelligence;robotics;technology,A,https://lexfridman.com/podcast/,https://www.youtube.com/@lexfridman,https://x.com/lexfridman,,active,2026-10-04,https://lexfridman.com/podcast/,Long-form interviews with AI researchers technologists and scientists.
dwarkesh,Dwarkesh Podcast,podcast,Research interviews,United States,English,foundation-models;ai-safety;ai-policy,A,https://www.dwarkesh.com/,https://www.youtube.com/@DwarkeshPatel,https://x.com/dwarkesh_sp,,active,2026-10-04,https://www.dwarkesh.com/,Long-form interviews on frontier AI science economics and policy.
no-priors,No Priors,podcast,Industry interviews,United States,English,foundation-models;startups;ml-systems,A,https://www.no-priors.com/,https://www.youtube.com/@NoPriorsPodcast,https://x.com/NoPriorsPod,,active,2026-10-04,https://www.no-priors.com/,Interviews with AI researchers founders and infrastructure leaders.
cognitive-revolution,The Cognitive Revolution,podcast,Research interviews,United States,English,foundation-models;ai-agents;ai-safety,B,https://www.cognitiverevolution.ai/,https://www.youtube.com/@CognitiveRevolutionPodcast,https://x.com/cogrev_podcast,,active,2026-10-04,https://www.cognitiverevolution.ai/,Detailed conversations about advanced AI research and applications.
twiml,TWIML AI Podcast,podcast,Research interviews,United States,English,deep-learning;ml-systems;ai-for-science,A,https://twimlai.com/,https://www.youtube.com/@twimlai,https://x.com/twimlai,,active,2026-10-04,https://twimlai.com/podcast/twimlai/,Long-running podcast featuring machine learning researchers and practitioners.
latent-space,Latent Space,podcast,Developer media,United States,English,foundation-models;ai-agents;coding;ml-systems,A,https://www.latent.space/,https://www.youtube.com/@LatentSpacePod,https://x.com/latentspacepod,,active,2026-10-04,https://www.latent.space/,Technical podcast and newsletter for AI engineers.
gradient-podcast,The Gradient Podcast,podcast,Research interviews,United States,English,ml-theory;ai-safety;responsible-ai,B,https://thegradient.pub/,https://www.youtube.com/@TheGradientPub,https://x.com/gradientpub,https://github.com/the-gradient,active,2026-10-04,https://thegradient.pub/podcast/,Interviews and essays covering machine learning research and society.
eye-on-ai,Eye on AI,podcast,Research interviews,United States,English,foundation-models;ai-policy;industry,B,https://www.eye-on.ai/,https://www.youtube.com/@EyeOnAI,https://x.com/EyeOn_AI,,active,2026-10-04,https://www.eye-on.ai/,Podcast interviewing researchers and industry leaders about AI progress.
the-batch,The Batch,newsletter,News and analysis,United States,English,deep-learning;foundation-models;industry,A,https://www.deeplearning.ai/the-batch/,https://www.youtube.com/@Deeplearningai,https://x.com/DeepLearningAI,,active,2026-10-04,https://www.deeplearning.ai/the-batch/,Weekly AI news newsletter edited for technical readers.
import-ai,Import AI,newsletter,News and analysis,United States,English,ai-policy;foundation-models;ai-safety,A,https://jack-clark.net/, ,https://x.com/jackclarkSF,,active,2026-10-04,https://jack-clark.net/,Influential newsletter summarizing AI research policy and industry developments.
interconnects,Interconnects,newsletter,News and analysis,United States,English,foundation-models;open-source;ai-policy,A,https://www.interconnects.ai/,,https://x.com/natolambert,,active,2026-10-04,https://www.interconnects.ai/,Research-driven analysis of language models post-training and AI policy.
semianalysis,SemiAnalysis,newsletter,Industry analysis,United States,English,hardware;ml-systems;industry,A,https://semianalysis.com/,https://www.youtube.com/@SemiAnalysis_,https://x.com/SemiAnalysis_,,active,2026-10-04,https://semianalysis.com/,Technical analysis of semiconductors AI infrastructure and model economics.
last-week-in-ai,Last Week in AI,newsletter,News and analysis,United States,English,foundation-models;ai-policy;industry,B,https://lastweekin.ai/,https://www.youtube.com/@LastWeekinAI,https://x.com/lastweekinai,,active,2026-10-04,https://lastweekin.ai/,Weekly digest and podcast covering AI research business and policy.
the-sequence,TheSequence,newsletter,News and analysis,United States,English,deep-learning;industry;research-papers,B,https://thesequence.substack.com/,,https://x.com/TheSequenceAI,,active,2026-10-04,https://thesequence.substack.com/,Newsletter explaining AI research and industry developments.
bens-bites,Ben's Bites,newsletter,Product news,United Kingdom,English,ai-tools;startups;generative-ai,B,https://www.bensbites.com/,,https://x.com/bentossell,,active,2026-10-04,https://www.bensbites.com/,Fast-moving digest of AI products startups and tools.
the-algorithm,MIT Technology Review AI,newsletter,News and analysis,United States,English,ai-policy;industry;responsible-ai,A,https://www.technologyreview.com/topic/artificial-intelligence/,,https://x.com/techreview,,active,2026-10-04,https://www.technologyreview.com/topic/artificial-intelligence/,Journalistic coverage of AI research business and social impacts.
synced,Synced,news-site,News and analysis,Canada,English;Chinese,foundation-models;research-papers;industry,B,https://syncedreview.com/,,https://x.com/Synced_Global,,active,2026-10-04,https://syncedreview.com/,Bilingual reporting and research summaries focused on global AI.
marktechpost,MarkTechPost,news-site,Research explainers,United States,English,research-papers;foundation-models;open-source,C,https://www.marktechpost.com/,https://www.youtube.com/@MarkTechPost,https://x.com/Marktechpost,,active,2026-10-04,https://www.marktechpost.com/,High-volume summaries of machine learning papers and releases.
state-of-ai-report,State of AI Report,annual-report,Industry analysis,United Kingdom,English,industry;research;ai-policy,A,https://www.stateof.ai/,,https://x.com/stateofaireport,,active,2026-10-04,https://www.stateof.ai/,Annual review of AI research industry politics and safety.
chinai,ChinAI,newsletter,Regional analysis,China,English;Chinese,ai-policy;industry;china-ai,B,https://chinai.substack.com/,,https://x.com/ChinAI_News,,active,2026-10-04,https://chinai.substack.com/,Translations and analysis of Chinese AI policy and industry.
data-machina,Data Machina,newsletter,AI for science,United States,English,ai-for-science;computational-biology;industry,B,https://datamachina.substack.com/,,https://x.com/zakbothroyd,,active,2026-10-04,https://datamachina.substack.com/,Newsletter tracking AI for science biotech and research automation.
robot-brains,The Robot Brains Podcast,podcast,Robotics interviews,United States,English,robotics;computer-vision;reinforcement-learning,B,https://www.therobotbrains.ai/,https://www.youtube.com/@TheRobotBrainsPodcast,https://x.com/therobotbrains,,active,2026-10-04,https://www.therobotbrains.ai/,Interviews with leading robotics and AI researchers.
talking-machines,Talking Machines,podcast,Research interviews,United States,English,ml-theory;industry;research,B,https://www.thetalkingmachines.com/,,https://x.com/TalkMachines,,active,2026-10-04,https://www.thetalkingmachines.com/,Long-running podcast explaining machine learning research and practice.
practical-ai,Practical AI,podcast,Developer media,United States,English,ml-systems;open-source;ai-agents,B,https://practicalai.fm/,https://www.youtube.com/@changelog,https://x.com/practicalai,https://github.com/thechangelog,active,2026-10-04,https://practicalai.fm/,Accessible conversations about production machine learning and open tools.
mlops-community,MLOps Community,educational-platform,Developer community,United States,English,ml-systems;open-source;data,B,https://mlops.community/,https://www.youtube.com/@MLOpscommunity,https://x.com/mlopscommunity,https://github.com/mlops-community,active,2026-10-04,https://mlops.community/,Community talks podcasts and resources for production machine learning.
ai-coffee-break,AI Coffee Break with Letitia,youtube-channel,Research explainers,Germany,English,foundation-models;nlp;research-papers,B,https://www.youtube.com/@AICoffeeBreak,https://www.youtube.com/@AICoffeeBreak,https://x.com/AICoffeeBreak,,active,2026-10-04,https://www.youtube.com/@AICoffeeBreak,Concise visual explanations of AI papers and concepts.
bycloud,bycloud,youtube-channel,Research explainers,Canada,English,foundation-models;generative-ai;computer-vision,C,https://www.youtube.com/@bycloudAI,https://www.youtube.com/@bycloudAI,https://x.com/bycloudai,,active,2026-10-04,https://www.youtube.com/@bycloudAI,Video essays and paper explanations about generative AI.
ods-ai,Open Data Science,educational-platform,Developer community,Russia,Russian;English,ml-systems;deep-learning;community;education,B,https://ods.ai/,,,,active,2026-10-04,https://ods.ai/,Open machine learning community publishing courses events talks and technical discussions.
deep-learning-school,Deep Learning School,youtube-channel,Technical education,Russia,Russian,deep-learning;computer-vision;nlp;education,B,https://dls.samcs.ru/,https://www.youtube.com/channel/UCFTNoZYjkg-3LZTHrHfV1nQ,,https://github.com/deepmipt/dlschl,active,2026-10-04,https://www.youtube.com/channel/UCFTNoZYjkg-3LZTHrHfV1nQ,Free deep learning school and lecture archive from MIPT.
